,index_values,trump_predict,trump_true,clinton_predict,clinton_true
457,457,73.61751978293188,74.33176100628931,26.38248021706812,25.668238993710688
416,416,82.83300018074539,82.96871324394259,17.166999819254613,17.031286756057412
2725,2725,84.46838374006286,84.39013248058474,15.531616259937138,15.60986751941526
1721,1721,77.64318067994633,77.77777777777777,22.356819320053674,22.22222222222223
2358,2358,86.93910863316657,89.65517241379311,13.060891366833431,10.34482758620689
2074,2074,56.853316087001026,56.94932037087047,43.146683912998974,43.05067962912953
2998,2998,72.21072318807185,68.45858475041139,27.789276811928147,31.54141524958861
2546,2546,37.50894640799693,36.50586701434159,62.49105359200307,63.49413298565841
1758,1758,56.1451102178977,65.27106523498152,43.8548897821023,34.72893476501848
2699,2699,82.19721150619186,83.38060124787296,17.802788493808137,16.61939875212704
611,611,45.274931472335155,46.70234063651842,54.725068527664845,53.29765936348158
46,46,83.66836610787884,86.82994454713493,16.33163389212116,13.170055452865071
1428,1428,80.27586925342098,79.6056685150955,19.72413074657902,20.394331484904498
1356,1356,56.713087017980705,59.82636445873957,43.286912982019295,40.17363554126043
2059,2059,47.178867483227826,47.536318492907036,52.821132516772174,52.463681507092964
2673,2673,79.93019778266095,80.66212268743914,20.069802217339046,19.337877312560863
601,601,56.695414024753774,56.75039564988028,43.304585975246226,43.24960435011972
2182,2182,54.762992412036255,49.654369223833505,45.237007587963745,50.345630776166495
530,530,70.8618566434912,60.37629180705999,29.138143356508806,39.62370819294001
2149,2149,71.98320311798068,73.51911942482663,28.01679688201932,26.480880575173373
3089,3089,83.04161959622267,76.4905021628738,16.958380403777326,23.509497837126204
812,812,65.66910780188476,68.00401203610832,34.33089219811524,31.99598796389168
480,480,77.04589348664955,77.10843373493977,22.954106513350453,22.891566265060234
650,650,73.60763445413049,75.38343558282209,26.39236554586951,24.616564417177912
2341,2341,81.5692045138789,84.71720818291216,18.4307954861211,15.28279181708784
1105,1105,64.23622710719553,64.40808528994886,35.76377289280447,35.59191471005114
2465,2465,78.47184365019065,77.28489483747609,21.52815634980935,22.715105162523912
1735,1735,51.63768157675925,49.41585629389519,48.36231842324075,50.58414370610481
1754,1754,25.990071721908603,29.510825470040693,74.0099282780914,70.48917452995931
2140,2140,75.53727728200398,77.59131293188548,24.462722717996016,22.408687068114517
2834,2834,56.46141351156424,57.907473309608534,43.53858648843576,42.092526690391466
493,493,62.52857219055947,59.71705137751303,37.47142780944053,40.28294862248697
2193,2193,60.88859108523927,57.96595834654826,39.11140891476073,42.03404165345174
855,855,50.82600404108274,56.56022690882474,49.17399595891726,43.43977309117526
901,901,69.59128326180522,62.528487465515184,30.408716738194784,37.471512534484816
1051,1051,72.63169940272971,71.9218989280245,27.36830059727029,28.078101071975496
1950,1950,38.57387016839694,36.70220753866947,61.42612983160306,63.29779246133053
507,507,50.378502900454464,49.03675688452901,49.621497099545536,50.96324311547099
277,277,53.58930637514467,56.599078477124394,46.41069362485533,43.400921522875606
36,36,43.34305905658186,44.30374337176313,56.65694094341814,55.69625662823687
200,200,19.756618025976145,17.417967567399725,80.24338197402386,82.58203243260027
1684,1684,75.33965477998854,77.24392819429778,24.660345220011465,22.75607180570222
479,479,40.542285377731204,35.5911167445668,59.457714622268796,64.40888325543321
16,16,65.95196031420649,67.21252257676099,34.04803968579351,32.78747742323901
2383,2383,80.2662418901393,83.00124533001245,19.733758109860702,16.998754669987548
2637,2637,79.1677136729361,77.85057897556352,20.832286327063898,22.149421024436478
1001,1001,67.79422962027053,73.18753744757339,32.20577037972947,26.81246255242661
2633,2633,42.610121350069655,42.35065565808645,57.389878649930345,57.64934434191355
2121,2121,74.96268219442103,75.2481547467549,25.037317805578965,24.751845253245094
908,908,80.2509932376897,82.43398392652124,19.7490067623103,17.566016073478764
1809,1809,46.86010747452214,48.903378778897455,53.13989252547786,51.096621221102545
2220,2220,71.01759979637342,71.27246899415397,28.982400203626582,28.727531005846032
977,977,73.05083333682276,72.66627852172225,26.949166663177238,27.333721478277752
869,869,82.86428270168132,83.36886993603413,17.13571729831868,16.63113006396587
1937,1937,43.522740713635564,50.81501786675804,56.477259286364436,49.18498213324196
1311,1311,56.7207931576758,52.961146737080355,43.2792068423242,47.038853262919645
91,91,54.819144185617546,51.653764954257575,45.180855814382454,48.346235045742425
652,652,68.46904856346151,64.81954064892453,31.530951436538487,35.18045935107547
1087,1087,67.85081632351474,67.31580851320389,32.149183676485265,32.68419148679611
1795,1795,56.48790329422643,58.72865275142315,43.51209670577357,41.27134724857685
779,779,65.1085361337415,68.20239062318672,34.891463866258505,31.797609376813284
2002,2002,24.463182467429025,21.103896103896105,75.53681753257098,78.8961038961039
2021,2021,59.93248093457338,61.537399547857504,40.06751906542662,38.462600452142496
1488,1488,69.63817722287845,70.70021750843095,30.361822777121546,29.299782491569047
1018,1018,42.53592061606099,40.71605980192525,57.46407938393901,59.28394019807475
1507,1507,75.52871715671016,78.30690996111278,24.471282843289842,21.69309003888722
2125,2125,78.48481114757328,78.2571591124597,21.515188852426718,21.742840887540297
1612,1612,73.49690689767623,71.99731227952293,26.503093102323774,28.00268772047707
2322,2322,74.4310907340733,71.88345473465141,25.568909265926706,28.11654526534859
2528,2528,76.63552445874947,76.94460988683741,23.364475541250528,23.055390113162588
1264,1264,60.02238213808563,60.58675607711651,39.97761786191437,39.41324392288349
1044,1044,69.54116462945913,70.80369552775734,30.458835370540868,29.19630447224266
214,214,59.83798196361813,57.26584920427863,40.16201803638187,42.73415079572137
1876,1876,55.88979261317817,54.43541102077688,44.11020738682183,45.56458897922312
1692,1692,78.4077710315067,81.98083067092651,21.592228968493302,18.019169329073492
2120,2120,72.48747983127159,74.24343041457169,27.512520168728415,25.75656958542831
3103,3103,73.5962232193496,75.88871715610509,26.403776780650404,24.111282843894912
77,77,41.2992781403805,39.70875628498245,58.7007218596195,60.29124371501755
1228,1228,57.35464567937049,53.137296710539076,42.64535432062951,46.862703289460924
230,230,71.78953741182198,69.41631923764146,28.210462588178018,30.58368076235854
2660,2660,84.5099397258566,87.47094374709438,15.490060274143403,12.529056252905619
297,297,76.97319827261138,76.54990955434961,23.026801727388616,23.45009044565039
2722,2722,76.30228369069445,74.75872308834447,23.697716309305548,25.241276911655532
542,542,84.95696976050237,71.5660542432196,15.043030239497625,28.433945756780403
325,325,56.02267042109726,58.68237240365174,43.97732957890274,41.31762759634826
1786,1786,23.365649741539592,24.19007931173545,76.63435025846042,75.80992068826455
1143,1143,56.95442940157501,54.491818753933295,43.04557059842499,45.508181246066705
2877,2877,80.45010136880542,81.69772702790047,19.54989863119458,18.30227297209953
1211,1211,53.83018906942687,53.65328816759451,46.16981093057313,46.34671183240549
954,954,75.53928379203526,81.31991051454139,24.460716207964737,18.68008948545861
2641,2641,77.58943089093262,79.43907341820619,22.41056910906738,20.560926581793808
1547,1547,69.62395565784716,70.64056939501779,30.376044342152838,29.359430604982208
1611,1611,60.638265432654755,65.24761077324067,39.361734567345245,34.752389226759334
162,162,61.68775654228443,53.54342581423403,38.31224345771557,46.45657418576597
1623,1623,58.4689321840704,59.211668692481325,41.5310678159296,40.788331307518675
251,251,49.93579219405157,54.6150448991609,50.06420780594843,45.3849551008391
323,323,78.59527319527487,82.8125,21.40472680472513,17.1875
568,568,57.56807246376982,53.39767836181036,42.43192753623018,46.60232163818964
1887,1887,56.942046382707886,58.44255188943853,43.057953617292114,41.55744811056147
794,794,62.97355618592224,66.95410292072323,37.02644381407776,33.04589707927677
1017,1017,88.60587721875667,88.87475004544628,11.394122781243325,11.125249954553723
2909,2909,15.20532354664632,10.525170462788337,84.79467645335367,89.47482953721166
1840,1840,41.87576548810629,56.05492926613616,58.12423451189371,43.94507073386384
974,974,73.18462264368334,76.86419053019563,26.81537735631666,23.13580946980437
2548,2548,37.175386625087974,34.6448424384003,62.824613374912026,65.3551575615997
137,137,75.84465149432957,71.25097125097125,24.155348505670432,28.749028749028753
353,353,77.52158207754155,80.22479803301721,22.478417922458448,19.77520196698279
2400,2400,77.50344491019196,77.65866209262434,22.49655508980804,22.34133790737566
1985,1985,74.06550492993233,76.07192254495159,25.93449507006767,23.92807745504841
2311,2311,64.46723260341938,67.1742401444478,35.532767396580624,32.82575985555221
2601,2601,77.05989152721581,79.45561482697306,22.94010847278419,20.54438517302694
2559,2559,67.5092695239882,68.49165069805639,32.490730476011805,31.50834930194361
1255,1255,62.0126071697483,62.23997028231797,37.9873928302517,37.76002971768203
2034,2034,52.48756300009808,52.285911969769536,47.51243699990192,47.714088030230464
2183,2183,58.060614994126055,57.05298118992112,41.939385005873945,42.94701881007888
2179,2179,29.558781992975803,27.577790084712728,70.44121800702419,72.42220991528727
2210,2210,51.18413632023738,48.75459712470746,48.81586367976262,51.24540287529254
1086,1086,59.975842758672684,61.57373440939105,40.024157241327316,38.42626559060895
1649,1649,69.64424872226701,73.3644859813084,30.355751277732992,26.635514018691595
1372,1372,78.38372811508368,79.94994250152202,21.616271884916316,20.050057498477983
1441,1441,81.8855208221675,85.60506510572212,18.114479177832493,14.394934894277881
2168,2168,72.98082761731537,75.41733047031931,27.01917238268463,24.582669529680686
451,451,60.24416648098374,58.610271903323266,39.75583351901626,41.389728096676734
1079,1079,75.91023884144185,75.74504737295435,24.089761158558147,24.254952627045654
2233,2233,68.00292229869011,66.64621785981011,31.99707770130989,33.35378214018989
531,531,73.90634159651245,73.38756536897152,26.093658403487552,26.612434631028478
603,603,37.86205087706925,44.04679692895154,62.13794912293075,55.95320307104846
1059,1059,81.0284336599855,77.16609912977677,18.971566340014505,22.833900870223232
1071,1071,73.55854633414263,73.58924464885901,26.441453665857367,26.410755351140992
2551,2551,78.50854094741388,80.49101271372207,21.491459052586123,19.50898728627793
546,546,78.47884598286639,73.51633986928104,21.52115401713361,26.48366013071896
1586,1586,77.91792154279854,77.0042194092827,22.08207845720146,22.995780590717303
939,939,82.96147793240227,83.96031417941299,17.038522067597725,16.03968582058701
616,616,62.420215122513106,55.60074891858738,37.579784877486894,44.39925108141262
1767,1767,64.31008254123866,63.49958068176213,35.68991745876134,36.50041931823787
1288,1288,61.78075646229114,64.17389570246286,38.21924353770886,35.82610429753714
2919,2919,56.20794745206212,52.16210343328987,43.79205254793788,47.83789656671013
40,40,55.550954935457845,58.483553242891645,44.449045064542155,41.516446757108355
2591,2591,82.44253682544316,86.0667251975417,17.557463174556844,13.9332748024583
1753,1753,54.215519969276805,54.65017787565645,45.784480030723195,45.34982212434355
442,442,68.53908207689653,68.18181818181819,31.460917923103466,31.818181818181813
12,12,56.94671935566154,54.79241807996316,43.05328064433846,45.20758192003684
1642,1642,67.33735424631925,67.54822650902302,32.66264575368075,32.451773490976976
449,449,54.91250982804276,57.22787991006482,45.08749017195724,42.77212008993518
2907,2907,26.79574971355759,25.845445387825585,73.2042502864424,74.15455461217442
1746,1746,38.33812242761817,40.77408275213183,61.66187757238183,59.22591724786817
2875,2875,40.527249347428956,43.02270577105014,59.472750652571044,56.97729422894986
154,154,77.09997301007027,77.43488004702597,22.900026989929728,22.56511995297403
1227,1227,57.18702868294133,54.82330468003821,42.81297131705867,45.17669531996179
2800,2800,69.83028104470107,71.37520678798228,30.169718955298933,28.62479321201772
2741,2741,83.86281260732584,83.8361723714423,16.137187392674164,16.163827628557698
1960,1960,73.31555802121258,74.63054187192118,26.68444197878742,25.36945812807882
698,698,64.78798965798809,63.97252478195846,35.21201034201191,36.02747521804154
1869,1869,62.025441062438354,62.50091439774107,37.974558937561646,37.49908560225893
1527,1527,75.8363165685351,78.64181662382177,24.163683431464904,21.358183376178232
1843,1843,42.29688376558953,47.833365470576894,57.70311623441047,52.166634529423106
2850,2850,69.30823309200787,66.31269400424767,30.691766907992132,33.687305995752325
2665,2665,65.29638376297905,65.29484572540005,34.70361623702095,34.70515427459995
2218,2218,82.69004503166902,82.71777298303508,17.309954968330985,17.282227016964924
1320,1320,58.21482887345627,59.40414507772022,41.78517112654373,40.59585492227978
1404,1404,71.7874204897678,71.01086343115124,28.212579510232203,28.989136568848764
1848,1848,61.56135661338538,63.88029141469454,38.43864338661462,36.11970858530546
3027,3027,48.36784049224316,49.638429752066116,51.63215950775684,50.361570247933884
1226,1226,66.44988488618296,65.13790891597178,33.55011511381704,34.86209108402822
708,708,70.49716863254659,71.39082237690127,29.50283136745341,28.60917762309873
788,788,59.92786223541105,65.2211705621016,40.07213776458895,34.778829437898395
538,538,74.10190533066864,75.03288608260982,25.898094669331357,24.96711391739018
3047,3047,41.115647451722154,41.908588489391434,58.884352548277846,58.091411510608566
2325,2325,32.08383567785642,31.09790068870687,67.91616432214357,68.90209931129313
1588,1588,52.02575186801663,53.96431342125679,47.97424813198337,46.03568657874321
778,778,56.1196654620286,60.91154018859452,43.8803345379714,39.08845981140548
1491,1491,59.57857099179359,60.3841183616934,40.42142900820641,39.6158816383066
65,65,28.610530880770344,28.391631252043148,71.38946911922966,71.60836874795686
2569,2569,75.79376726153693,74.65886939571149,24.206232738463072,25.34113060428851
2269,2269,78.28064980172263,76.53537584211557,21.71935019827737,23.46462415788443
915,915,75.83799841139428,71.17709815078236,24.16200158860572,28.822901849217644
1800,1800,12.922454125016143,9.460555363659573,87.07754587498385,90.53944463634042
2512,2512,58.395074001955976,57.63639880376724,41.604925998044024,42.36360119623276
655,655,67.6555367923464,67.82242005388309,32.344463207653604,32.17757994611691
1653,1653,76.26784320455646,72.42434546072765,23.732156795443544,27.57565453927235
2916,2916,45.858169901805624,45.60639715681919,54.141830098194376,54.39360284318081
2330,2330,30.587267684240466,32.310349408795005,69.41273231575954,67.689650591205
2037,2037,34.64445289776634,34.29999655848849,65.35554710223366,65.70000344151151
1478,1478,65.87780602878253,65.8639696045379,34.12219397121747,34.1360303954621
310,310,80.3071835477261,80.04750593824228,19.692816452273902,19.95249406175772
1699,1699,58.07382330883636,58.48909657320872,41.92617669116364,41.51090342679128
206,206,46.33100142425005,45.597341791270196,53.66899857574995,54.402658208729804
810,810,21.89682369574159,27.351182739797245,78.10317630425841,72.64881726020275
2797,2797,67.70957520869932,68.70838881491345,32.29042479130068,31.291611185086552
2000,2000,56.34193733419794,54.481722583875815,43.65806266580206,45.518277416124185
1948,1948,58.54900570624654,56.066705002875224,41.45099429375346,43.933294997124776
492,492,45.91377747791865,44.73621389353068,54.08622252208135,55.26378610646932
1190,1190,26.183821991139013,21.535385150408626,73.81617800886099,78.46461484959137
1919,1919,32.60547252934048,32.88901295740573,67.39452747065951,67.11098704259427
2823,2823,71.98628031553926,71.96785192401364,28.01371968446074,28.032148075986356
367,367,82.14072751057759,82.27617602427921,17.85927248942241,17.72382397572079
48,48,56.14919695886415,55.06405691889983,43.85080304113585,44.93594308110017
1194,1194,27.067877955558878,26.266936689329285,72.93212204444112,73.73306331067072
2912,2912,44.3722059324481,43.35250616269515,55.6277940675519,56.64749383730485
274,274,34.16077305056031,31.532088537158398,65.83922694943969,68.4679114628416
2929,2929,55.016521583094786,52.93049111441828,44.983478416905214,47.06950888558172
2529,2529,81.23372435999421,86.46833013435698,18.766275640005787,13.531669865643025
3086,3086,52.041779156387534,49.857706784173324,47.958220843612466,50.142293215826676
2355,2355,72.90455881465942,76.74418604651162,27.095441185340576,23.255813953488385
865,865,68.70916357468742,68.96264960046281,31.290836425312577,31.03735039953719
2056,2056,68.66316565055985,70.24091404517608,31.336834349440153,29.759085954823917
871,871,77.23916713542873,75.68062827225131,22.76083286457127,24.31937172774869
3106,3106,65.7925350368648,70.95154699357852,34.207464963135195,29.048453006421482
2982,2982,75.90348085737601,75.10614208887631,24.09651914262399,24.89385791112369
170,170,55.25007104390595,52.53524610437794,44.74992895609405,47.46475389562206
784,784,68.65375566968439,70.14425553838228,31.346244330315614,29.855744461617718
2579,2579,71.61609621473804,70.65803667745416,28.383903785261964,29.341963322545837
72,72,56.20804708659105,36.440677966101696,43.79195291340895,63.559322033898304
3043,3043,60.826748878516725,54.25763686089093,39.173251121483275,45.74236313910907
2096,2096,67.54077531893886,68.74664879356568,32.459224681061144,31.253351206434317
1743,1743,50.314933275591244,47.595115284574355,49.685066724408756,52.404884715425645
1733,1733,56.963596171048216,52.46642149024624,43.036403828951784,47.53357850975376
2770,2770,56.1773340628521,50.697838264260646,43.8226659371479,49.302161735739354
2640,2640,80.83438223453466,80.52068805206879,19.165617765465342,19.47931194793121
694,694,73.9119248473427,74.46561843344685,26.088075152657296,25.53438156655315
1494,1494,70.83384333002145,71.71092641394691,29.166156669978548,28.289073586053092
1207,1207,59.91290161921258,61.833810888252145,40.08709838078742,38.166189111747855
2946,2946,50.29422871102175,50.01866368047779,49.70577128897825,49.98133631952221
373,373,58.445199824133134,59.63422341602149,41.554800175866866,40.36577658397851
2172,2172,61.075213129689125,58.39128287742761,38.924786870310875,41.60871712257239
133,133,57.84131453579784,53.86009058882738,42.15868546420216,46.13990941117262
2323,2323,29.139882057390633,30.66306861989206,70.86011794260936,69.33693138010794
483,483,64.30287424771583,60.869903516962346,35.697125752284165,39.130096483037654
919,919,77.97905568559639,78.45003399048268,22.020944314403607,21.54996600951732
2992,2992,77.2331154733534,76.5374677002584,22.766884526646606,23.462532299741596
2205,2205,71.61634861099972,71.97640117994099,28.383651389000278,28.023598820059007
3040,3040,40.86390655784635,39.225122349102776,59.13609344215365,60.774877650897224
1151,1151,42.96821643990569,42.65483971366324,57.03178356009431,57.34516028633676
2198,2198,44.994737157715605,39.74897054165347,55.005262842284395,60.25102945834653
1035,1035,68.25236311608762,66.35576708084453,31.747636883912378,33.64423291915547
2222,2222,45.44077085844143,47.73814468322408,54.55922914155857,52.26185531677592
533,533,72.27702143684826,69.49152542372882,27.72297856315174,30.508474576271183
1918,1918,51.07134969610001,49.28953527248412,48.92865030389999,50.71046472751588
308,308,71.92926267676646,68.5785536159601,28.070737323233544,31.421446384039896
1339,1339,64.75475947106347,64.42769230769231,35.245240528936534,35.57230769230769
520,520,23.115712243973974,25.885070747906447,76.88428775602603,74.11492925209356
1350,1350,67.10626772426055,63.87683405662328,32.89373227573945,36.12316594337672
1532,1532,66.74975122115646,70.73049527911216,33.25024877884354,29.269504720887838
375,375,73.01173643643284,70.60121925583351,26.98826356356716,29.398780744166487
2925,2925,58.08247338200458,54.26602756141402,41.91752661799542,45.73397243858598
444,444,66.3730061673699,63.54838709677418,33.626993832630106,36.45161290322582
2494,2494,72.78533969910998,72.4415766774765,27.214660300890017,27.558423322523495
566,566,49.193571758142156,52.56500351370345,50.806428241857844,47.43499648629655
2653,2653,20.645190812679996,20.724168383868122,79.35480918732,79.27583161613188
1142,1142,66.81164678359669,63.609809864976576,33.188353216403314,36.390190135023424
229,229,67.81471458211149,67.2211350293542,32.18528541788851,32.7788649706458
1232,1232,67.66461518813038,67.17346233586731,32.335384811869616,32.82653766413269
773,773,67.52280939926361,66.82105263157895,32.47719060073639,33.17894736842105
2636,2636,84.2601613646563,85.91208495765561,15.739838635343702,14.087915042344392
1174,1174,54.44261101676825,58.24705248668382,45.55738898323175,41.75294751331618
1593,1593,76.97984336048907,72.63267429760666,23.02015663951093,27.367325702393344
1512,1512,78.66502775072011,80.06551807813638,21.334972249279886,19.934481921863622
1564,1564,75.79520976017712,76.68876545421969,24.204790239822884,23.31123454578031
1696,1696,76.5659547763389,82.35976789168278,23.4340452236611,17.64023210831722
900,900,69.19898842507669,67.70367823994499,30.801011574923308,32.29632176005501
2300,2300,54.410456479360874,52.698394295982844,45.589543520639126,47.301605704017156
1089,1089,53.60140040940892,53.6188436830835,46.39859959059108,46.3811563169165
2639,2639,89.02537373905746,87.01201201201202,10.974626260942543,12.987987987987978
804,804,67.9786150710978,70.13957145665421,32.021384928902194,29.86042854334579
835,835,38.65206801156827,40.37572067111485,61.34793198843173,59.62427932888515
729,729,73.48409780162555,73.58206458089344,26.515902198374448,26.417935419106556
2304,2304,58.88954463627633,58.759876331157685,41.11045536372367,41.240123668842315
2743,2743,81.80146596058661,85.64940962761126,18.19853403941339,14.350590372388737
9,9,81.8976898221427,83.41563402590144,18.102310177857305,16.58436597409856
826,826,65.15171031957983,68.25355756791721,34.848289680420166,31.746442432082787
1,1,75.41648999568025,76.5457123352413,24.58351000431975,23.454287664758695
1335,1335,45.68916483013715,46.620986903906726,54.31083516986285,53.379013096093274
2456,2456,66.21276617427426,67.28773784952925,33.787233825725735,32.71226215047075
1852,1852,23.636815890305733,24.30057640939125,76.36318410969426,75.69942359060875
1134,1134,72.98920947344563,73.08749758826934,27.010790526554374,26.912502411730657
232,232,73.37814595470088,75.2191235059761,26.621854045299116,24.7808764940239
174,174,73.20067409741372,71.9688331432915,26.799325902586276,28.031166856708495
101,101,57.561482830068556,54.456874774449645,42.438517169931444,45.543125225550355
1768,1768,37.95319524436072,39.62544958452189,62.04680475563928,60.37455041547811
2433,2433,78.41110011517078,80.13863483200154,21.588899884829218,19.861365167998457
1961,1961,63.13903946949336,59.131736526946106,36.86096053050664,40.868263473053894
1010,1010,83.99102697791369,84.86566886678442,16.00897302208631,15.134331133215582
1135,1135,65.31174916885509,64.78746947496947,34.68825083114491,35.21253052503053
499,499,60.27355106227949,61.65391406709829,39.72644893772051,38.34608593290171
1098,1098,60.519973197371186,59.76296296296297,39.480026802628814,40.23703703703703
1747,1747,30.247688460475093,32.05364708374523,69.75231153952491,67.94635291625477
448,448,64.17789350211416,63.78430896283702,35.82210649788584,36.21569103716298
1657,1657,66.4667343396557,63.4952229299363,33.5332656603443,36.5047770700637
534,534,66.91865104694742,64.8787524902109,33.08134895305258,35.1212475097891
1438,1438,41.621810177680175,41.94207836456559,58.378189822319825,58.05792163543441
2774,2774,68.17079542337642,47.31358553134445,31.82920457662358,52.68641446865555
425,425,81.6129209565717,81.20421104475774,18.3870790434283,18.79578895524226
354,354,52.34282262284314,54.81946877551568,47.65717737715686,45.18053122448432
2398,2398,73.97055457943402,74.80299576685118,26.029445420565978,25.197004233148817
1528,1528,81.86059796327454,82.59520451339915,18.139402036725457,17.404795486600847
1801,1801,46.03675854855561,47.5683148991542,53.96324145144439,52.4316851008458
2519,2519,56.36288083760014,55.33410519351637,43.63711916239986,44.66589480648363
1262,1262,67.00643954240317,67.01855123674912,32.99356045759683,32.98144876325088
526,526,76.90684914772659,65.60601503759399,23.09315085227341,34.39398496240601
2493,2493,78.1319993205817,79.44568076067165,21.8680006794183,20.55431923932835
99,99,44.37091210053681,43.65596790371114,55.62908789946319,56.34403209628886
1792,1792,60.95230286077106,58.09689249179695,39.04769713922894,41.90310750820305
1062,1062,81.43303016729746,81.6732641489248,18.56696983270254,18.3267358510752
1916,1916,67.8650636035333,68.38276756512914,32.1349363964667,31.617232434870857
1501,1501,68.58738464535317,72.56963125439722,31.41261535464683,27.430368745602777
2582,2582,75.02548849072008,74.50016871941959,24.97451150927992,25.49983128058041
3006,3006,72.01153849008774,72.39216885897828,27.988461509912256,27.60783114102172
1217,1217,59.311761473491806,59.01915113871635,40.688238526508194,40.98084886128365
1023,1023,81.09943598125092,82.2927072927073,18.90056401874908,17.707292707292694
2730,2730,77.1124678463135,73.81305637982194,22.887532153686493,26.186943620178056
44,44,54.92996041965962,54.78949011255347,45.07003958034038,45.21050988744653
193,193,38.379380116764985,36.57118799755053,61.620619883235015,63.42881200244947
802,802,61.75994715545277,61.45257337303275,38.24005284454723,38.54742662696725
594,594,70.17081187497472,71.73993350572592,29.829188125025283,28.260066494274085
1772,1772,39.913414754656706,35.916091042916996,60.086585245343294,64.083908957083
1263,1263,40.26672554629381,43.514430932842224,59.73327445370619,56.485569067157776
1763,1763,32.80111978757233,30.685437549273573,67.19888021242767,69.31456245072643
2966,2966,60.331603472775626,59.996977482242706,39.668396527224374,40.003022517757294
1955,1955,55.716629692770994,54.33131448637771,44.283370307229006,45.66868551362229
2748,2748,62.87655528252552,45.798037134129174,37.12344471747448,54.201962865870826
3090,3090,69.43285967490421,86.69707126765205,30.567140325095792,13.30292873234795
893,893,81.90731896639518,82.15384615384616,18.09268103360482,17.84615384615384
822,822,49.26141730997112,50.86763070077863,50.73858269002888,49.13236929922137
1220,1220,65.08662930710375,63.617767387492684,34.91337069289625,36.382232612507316
1169,1169,61.19552047909051,63.76990876758929,38.80447952090949,36.23009123241071
888,888,54.27639622664034,56.956289978678036,45.72360377335966,43.043710021321964
2050,2050,78.74536109337426,78.88547132259815,21.254638906625743,21.11452867740185
2605,2605,74.71278856220502,76.08620887309414,25.28721143779498,23.913791126905863
2498,2498,61.30324764327783,63.02932787244935,38.69675235672217,36.97067212755065
3030,3030,48.09043036921336,48.75056792367106,51.90956963078664,51.24943207632894
1631,1631,83.29690757190343,85.03460207612456,16.703092428096568,14.965397923875443
2118,2118,71.55601447278342,74.03630077787379,28.443985527216583,25.96369922212621
1091,1091,48.42382453543371,46.31771955691657,51.57617546456629,53.68228044308343
745,745,44.852255604791246,49.216987922898504,55.147744395208754,50.783012077101496
986,986,66.4220931954344,63.886247339582475,33.5779068045656,36.113752660417525
2214,2214,67.55181515851363,66.1690075596454,32.448184841486366,33.830992440354606
2799,2799,78.91592565677038,81.96877986619944,21.084074343229616,18.03122013380056
321,321,69.43123372475245,67.75818639798489,30.568766275247555,32.241813602015114
2402,2402,76.33091532366107,76.9875342678322,23.669084676338926,23.012465732167797
2249,2249,59.42697978293698,57.19914396628953,40.57302021706302,42.80085603371047
2796,2796,73.8856532250455,71.98910381641582,26.114346774954498,28.01089618358418
608,608,76.34481038319508,76.3507965183117,23.65518961680492,23.649203481688303
2745,2745,21.364597949427516,20.435806831566552,78.63540205057248,79.56419316843345
252,252,77.99677114471145,77.66830870279145,22.003228855288555,22.33169129720855
517,517,24.06403791896127,26.97982024758352,75.93596208103872,73.02017975241648
523,523,57.16694260085099,51.4124970074216,42.83305739914901,48.5875029925784
2662,2662,74.36338025715753,75.26495079485237,25.63661974284247,24.735049205147632
3041,3041,58.76938189725342,59.765513297111816,41.23061810274658,40.234486702888184
1476,1476,51.37048501433602,52.167441185013075,48.62951498566398,47.832558814986925
1936,1936,52.189974188066145,53.71999172185431,47.810025811933855,46.28000827814569
1370,1370,63.56495064785946,64.10159211523882,36.43504935214054,35.898407884761184
1951,1951,36.7841966700599,37.16320713235183,63.2158033299401,62.83679286764817
258,258,69.3259268724748,67.88445199660153,30.674073127525205,32.11554800339847
1029,1029,83.18930257536988,79.84453689511714,16.81069742463012,20.155463104882855
2959,2959,43.0477138490714,42.77954348454204,56.9522861509286,57.22045651545796
2487,2487,83.16359449418532,85.98258494109614,16.83640550581468,14.017415058903865
1066,1066,84.65715451482878,83.96134083679961,15.342845485171225,16.038659163200393
1966,1966,79.8800700271126,85.07604562737644,20.119929972887405,14.923954372623555
286,286,49.71335778012614,50.66013419121264,50.28664221987386,49.33986580878736
2429,2429,55.37313124561699,55.28692208302904,44.62686875438301,44.71307791697096
2763,2763,52.283164231914284,32.95620577365662,47.716835768085716,67.04379422634338
2821,2821,67.7627881258707,68.84802194950133,32.2372118741293,31.15197805049867
851,851,67.40739439392215,70.37414965986395,32.59260560607785,29.625850340136054
2345,2345,65.76513827815032,66.53526437569629,34.23486172184968,33.464735624303714
941,941,79.2514952611311,80.61384278108362,20.748504738868903,19.38615721891638
1323,1323,62.53857053971614,61.33190835615522,37.46142946028386,38.66809164384478
799,799,65.64472653223542,67.73973769374894,34.355273467764576,32.260262306251065
2901,2901,42.33352112558809,31.075050709939152,57.66647887441191,68.92494929006085
3099,3099,82.14108304688988,76.3830985915493,17.858916953110125,23.6169014084507
2532,2532,86.37521335467818,88.89669711876319,13.62478664532182,11.103302881236814
3012,3012,72.46861048948615,72.13088587390263,27.531389510513847,27.869114126097372
2189,2189,77.67817400717693,73.963133640553,22.321825992823065,26.036866359447004
2757,2757,77.16506605698004,67.68015322001436,22.834933943019962,32.31984677998564
1348,1348,63.97533871984603,64.29134893505127,36.02466128015397,35.708651064948725
1636,1636,67.22821920985757,65.3521997989639,32.77178079014243,34.647800201036105
580,580,21.87734901535677,20.998973879084502,78.12265098464323,79.0010261209155
171,171,56.03052679555781,53.072742389305496,43.96947320444219,46.927257610694504
840,840,42.77358015836099,45.405938297378796,57.22641984163901,54.594061702621204
586,586,41.682907768213475,38.81227420825665,58.317092231786525,61.18772579174335
1157,1157,61.083725340138464,58.87606186016119,38.916274659861536,41.12393813983881
2446,2446,78.45637178982861,79.27996936039831,21.54362821017139,20.72003063960169
1367,1367,68.15448053982006,64.47607510599637,31.845519460179943,35.52392489400363
1583,1583,51.053742394113044,44.22601683420353,48.946257605886956,55.77398316579647
2392,2392,73.1696891186589,70.77108433734941,26.830310881341106,29.228915662650593
2371,2371,63.547088181728604,62.58233406519169,36.452911818271396,37.41766593480831
1866,1866,64.20640124212838,60.7527780098588,35.79359875787162,39.2472219901412
582,582,75.85701973869396,75.55236213400396,24.142980261306036,24.447637865996043
1884,1884,58.23558270960485,59.000872321865494,41.76441729039515,40.999127678134506
2499,2499,80.02810066309988,78.51556134919342,19.971899336900123,21.48443865080658
549,549,43.98080000544319,39.97688879106367,56.01919999455681,60.02311120893633
878,878,75.06881744025553,73.43483556638246,24.93118255974447,26.56516443361754
2294,2294,51.337691739634856,50.165584845674935,48.662308260365144,49.834415154325065
2326,2326,64.45910864460551,64.52592246613732,35.54089135539449,35.47407753386268
1551,1551,74.11589591073964,77.48983739837398,25.88410408926036,22.51016260162602
696,696,67.96790292988203,69.30156712086455,32.03209707011797,30.698432879135453
2419,2419,73.68321484490211,76.33473305338933,26.31678515509789,23.66526694661067
2122,2122,86.92989746345437,87.41103202846975,13.070102536545633,12.588967971530252
1964,1964,71.56629890392115,71.3795077275329,28.43370109607885,28.620492272467104
2123,2123,85.93776452155429,88.17733990147785,14.062235478445714,11.82266009852215
3067,3067,48.49626937543147,49.51611018452615,51.50373062456853,50.48388981547385
2630,2630,76.74038840591918,78.23867605179733,23.259611594080823,21.761323948202673
1515,1515,78.21646979588499,79.13333333333334,21.78353020411501,20.86666666666666
868,868,69.81452428561572,71.7169373549884,30.185475714384282,28.283062645011597
3087,3087,58.843194917038005,56.88624338624338,41.156805082961995,43.11375661375662
760,760,61.88840405690536,66.23931623931624,38.11159594309464,33.76068376068376
1909,1909,50.38473365182815,52.744081654464814,49.61526634817185,47.255918345535186
472,472,74.70662944061459,77.48153359127681,25.29337055938541,22.518466408723185
3020,3020,48.81969963814574,52.10072957613254,51.18030036185426,47.89927042386746
815,815,41.05905134814146,41.3243607918154,58.94094865185854,58.6756392081846
1402,1402,15.863023612265106,12.694300518134716,84.13697638773489,87.30569948186529
1963,1963,82.69330996792958,81.81818181818181,17.30669003207042,18.181818181818187
1461,1461,82.40026915522729,85.04228329809725,17.599730844772708,14.957716701902754
2090,2090,46.16569334240939,51.051244936425455,53.83430665759061,48.948755063574545
1166,1166,57.129493335477356,55.21430982112725,42.870506664522644,44.78569017887275
30,30,84.92657422847316,84.99744854567103,15.073425771526843,15.002551454328966
2801,2801,41.559802782662025,39.71834659016821,58.440197217337975,60.28165340983179
880,880,32.58521824686416,29.32497454429293,67.41478175313584,70.67502545570707
1603,1603,79.6368443279993,79.36434822662369,20.3631556720007,20.63565177337631
2437,2437,74.2753623503193,72.89133495456291,25.7246376496807,27.108665045437093
937,937,75.38771064560858,74.57939011566772,24.61228935439142,25.42060988433228
1855,1855,52.938127252435606,55.487606001304634,47.061872747564394,44.512393998695366
735,735,74.61213672902964,76.5495706479313,25.387863270970357,23.450429352068696
180,180,41.89587571423981,40.57833844241337,58.10412428576019,59.42166155758663
2944,2944,53.52635841271754,48.719410109357746,46.47364158728246,51.280589890642254
730,730,50.14867381601397,50.3070345899728,49.85132618398603,49.6929654100272
1070,1070,73.15563432302555,75.62795585916973,26.844365676974448,24.37204414083027
2363,2363,63.83080364850834,63.29051987767585,36.16919635149166,36.70948012232415
2136,2136,72.51080080551594,72.43944533714217,27.48919919448406,27.560554662857825
123,123,75.8561577184046,72.54134578967302,24.143842281595397,27.458654210326984
8,8,59.06946550210033,56.42446043165467,40.93053449789967,43.57553956834533
2255,2255,70.81805722398379,71.39788905252824,29.181942776016214,28.602110947471758
2100,2100,68.98417216838148,70.50604229607251,31.015827831618523,29.493957703927492
814,814,50.650038415542134,54.50436505479537,49.349961584457866,45.49563494520463
1559,1559,78.05604162165332,81.00584154801021,21.94395837834668,18.99415845198979
1451,1451,57.21938380917388,55.55372716801053,42.78061619082612,44.44627283198947
1121,1121,58.605719591824325,57.724683275231705,41.394280408175675,42.275316724768295
2623,2623,84.57038610540029,82.94930875576037,15.429613894599711,17.05069124423963
1529,1529,77.58727230516082,80.77691453940065,22.412727694839177,19.22308546059935
415,415,70.8066836780729,71.11615642276092,29.1933163219271,28.883843577239077
953,953,73.50345191520452,71.83707056161282,26.496548084795478,28.16292943838718
2336,2336,49.634070637374464,53.217665615141954,50.365929362625536,46.782334384858046
682,682,73.57758287572244,76.30088972768941,26.42241712427756,23.69911027231059
1892,1892,35.710486829012815,33.19537089126416,64.28951317098719,66.80462910873584
1082,1082,57.629913902856934,56.749981567499816,42.370086097143066,43.250018432500184
1707,1707,77.1166112708663,78.07925740806854,22.8833887291337,21.920742591931457
690,690,76.24701285494199,78.71606283483156,23.752987145058015,21.28393716516844
627,627,66.35562084579105,62.565525747764426,33.64437915420895,37.434474252235574
2017,2017,33.24860821277192,38.562646469449454,66.75139178722807,61.437353530550546
25,25,75.68128877006224,74.16532474503491,24.31871122993776,25.83467525496509
1109,1109,76.84812189883402,75.471037332773,23.151878101165977,24.528962667227006
2184,2184,72.37119541771935,69.92277357870522,27.62880458228065,30.07722642129478
1962,1962,43.85528273764594,46.195922426653404,56.14471726235406,53.804077573346596
564,564,74.91657737241579,73.69248035914704,25.083422627584213,26.30751964085296
2478,2478,74.394275907924,75.43434278557436,25.605724092076002,24.56565721442564
1970,1970,67.39066935146525,69.2563356875779,32.60933064853475,30.743664312422098
776,776,66.64150122917566,66.98625759028444,33.35849877082434,33.01374240971556
2291,2291,51.60722122196639,51.54454401686874,48.39277877803361,48.45545598313126
1644,1644,80.16193121742144,83.06794055201698,19.83806878257856,16.932059447983022
264,264,25.297292557757782,24.232633279483036,74.70270744224221,75.76736672051696
2436,2436,70.72138040449313,73.44920818848976,29.278619595506868,26.550791811510237
691,691,73.734522236162,71.76976355385717,26.265477763838007,28.230236446142825
1326,1326,68.74282428781395,64.63019088637209,31.257175712186054,35.36980911362791
1126,1126,62.964014891391706,64.72968700600697,37.035985108608294,35.27031299399303
3056,3056,27.31564126216731,28.585316878933874,72.6843587378327,71.41468312106613
1316,1316,66.10386863209786,63.95988748929926,33.89613136790214,36.04011251070074
281,281,50.888415144602675,54.443669054411856,49.111584855397325,45.556330945588144
1193,1193,40.737560998700125,38.73875648025522,59.262439001299875,61.26124351974478
1856,1856,56.547599834642696,58.910978406027155,43.452400165357304,41.089021593972845
130,130,76.22590922931018,74.26243326777184,23.774090770689824,25.73756673222816
18,18,62.47207865698402,64.37547600913939,37.52792134301598,35.62452399086061
1249,1249,60.92541288999307,61.40724946695096,39.07458711000693,38.59275053304904
246,246,82.43354312137686,85.14619883040936,17.566456878623143,14.85380116959064
592,592,68.84999376154374,70.09780343113677,31.150006238456257,29.902196568863232
1812,1812,37.46082834544603,44.45039834759515,62.53917165455397,55.54960165240485
1845,1845,59.93727919338029,62.854092526690394,40.06272080661971,37.145907473309606
1982,1982,70.41040737887798,68.85169688516969,29.589592621122023,31.148303114830313
583,583,41.465287229690134,43.78669724770642,58.534712770309866,56.21330275229358
2328,2328,43.23259922919237,42.51916708252053,56.76740077080763,57.48083291747947
2738,2738,74.43435057550758,72.03581720872788,25.56564942449242,27.964182791272123
1587,1587,68.4190353059724,67.0793472144063,31.5809646940276,32.9206527855937
348,348,51.089190742422,54.324792742607926,48.910809257578,45.675207257392074
750,750,54.831375728396615,55.093173941433534,45.168624271603385,44.906826058566466
2705,2705,20.689397030786818,18.943781942078363,79.31060296921318,81.05621805792164
111,111,70.10154236199595,68.41929002009377,29.898457638004047,31.58070997990623
2897,2897,63.86482298227848,67.46632996632997,36.13517701772152,32.533670033670035
675,675,67.72180470889151,68.27362938982336,32.27819529110849,31.726370610176645
2088,2088,54.497358562772256,56.145036207693494,45.502641437227744,43.854963792306506
132,132,76.16784303827912,76.60538236077805,23.832156961720884,23.39461763922195
1490,1490,74.54451613193578,75.71475517581334,25.45548386806422,24.285244824186663
918,918,70.48670392011722,66.58900279589935,29.513296079882778,33.41099720410065
70,70,65.6530885580899,38.64621086192332,34.346911441910095,61.35378913807668
1398,1398,41.384262144125415,42.63233190271817,58.615737855874585,57.36766809728183
371,371,58.9508770659955,58.41224747474747,41.0491229340045,41.58775252525253
2809,2809,50.149644799361305,48.19478524999858,49.850355200638695,51.80521475000142
521,521,51.16593735376064,47.913568322013205,48.83406264623936,52.086431677986795
2014,2014,66.56075848700502,66.42916285353205,33.43924151299498,33.57083714646795
487,487,36.77781833495772,36.845348120764015,63.22218166504228,63.154651879235985
59,59,26.893011285276135,24.66073935423491,73.10698871472387,75.3392606457651
351,351,77.05511825784359,76.42559109874827,22.94488174215641,23.57440890125173
1022,1022,77.66179364176023,75.60298455665452,22.338206358239773,24.39701544334548
2082,2082,65.4271932324578,66.2694244213424,34.572806767542204,33.73057557865759
2627,2627,63.55109474148554,65.45454545454545,36.44890525851446,34.54545454545455
524,524,85.45374773561932,75.23907103825137,14.546252264380684,24.760928961748633
2318,2318,50.774076837927275,50.843558282208605,49.225923162072725,49.156441717791395
2910,2910,67.5616583691238,70.948864428034,32.438341630876195,29.051135571966
2884,2884,18.2474603037022,17.533324534776305,81.7525396962978,82.46667546522369
3017,3017,40.52321329052065,41.125918545273386,59.47678670947935,58.874081454726614
17,17,52.091464583578066,51.936218678815486,47.908535416421934,48.063781321184514
2687,2687,66.71375563136131,62.075983717774754,33.28624436863869,37.924016282225246
829,829,75.71656786454399,77.66675668376992,24.28343213545601,22.33324331623008
2211,2211,35.78399044683886,30.90160159267843,64.21600955316114,69.09839840732157
167,167,63.46862423360983,61.119324181626176,36.53137576639017,38.880675818373824
2828,2828,40.400106344464824,39.81205592482237,59.599893655535176,60.18794407517763
1354,1354,62.13521475470824,64.31456206118095,37.86478524529176,35.68543793881905
897,897,58.88151208399582,58.112094395280245,41.11848791600418,41.887905604719755
0,0,72.69164326059405,72.76658791494816,27.30835673940595,27.23341208505184
1513,1513,74.65199374582872,76.07925469098544,25.34800625417128,23.920745309014563
1930,1930,63.217416635564085,63.25623094853864,36.782583364435915,36.74376905146136
2312,2312,45.71558642710575,45.39249146757679,54.28441357289425,54.60750853242321
863,863,72.30383898066727,72.60791071721648,27.696161019332735,27.392089282783516
2795,2795,17.763273743885055,16.633705791225815,82.23672625611495,83.36629420877418
2890,2890,51.77060003216986,56.63308144416458,48.22939996783014,43.36691855583542
882,882,80.22903519397559,83.24066719618745,19.77096480602441,16.759332803812555
1113,1113,54.58245509814058,57.64100915956934,45.41754490185942,42.35899084043066
558,558,74.57911005695078,74.55193014705883,25.420889943049218,25.448069852941174
537,537,71.34331318504148,71.73144876325088,28.65668681495852,28.26855123674912
1340,1340,60.29832941496836,59.56813104988832,39.70167058503164,40.43186895011168
1947,1947,58.14719990015899,58.87290838882981,41.85280009984101,41.12709161117019
664,664,64.90153392904975,67.71945246766296,35.09846607095025,32.28054753233704
876,876,55.24107067597713,57.91417634812974,44.75892932402287,42.08582365187026
684,684,54.397332281901384,53.77080424617157,45.602667718098616,46.22919575382843
1295,1295,58.05254211650296,60.495017679202824,41.94745788349704,39.504982320797176
2854,2854,57.148387040388684,60.9206716850029,42.851612959611316,39.0793283149971
983,983,64.91831916724449,67.13359273670558,35.08168083275551,32.86640726329442
2043,2043,42.32596519061642,42.44956723024913,57.67403480938358,57.55043276975087
2876,2876,41.64130783019338,40.74147501982553,58.35869216980662,59.25852498017447
2173,2173,74.19465861314454,73.49840255591054,25.80534138685546,26.501597444089455
1971,1971,68.93256014871521,71.12387202625101,31.06743985128479,28.876127973748993
2458,2458,77.98535153543902,78.2425554320482,22.014648464560977,21.757444567951794
635,635,62.92539073807658,59.322944653412144,37.07460926192342,40.677055346587856
2380,2380,51.939823034774896,53.72014872928459,48.060176965225104,46.27985127071541
2399,2399,72.64431663746701,74.52591656131479,27.355683362532986,25.474083438685213
2065,2065,69.09640583586402,73.19979969954933,30.90359416413598,26.80020030045067
1682,1682,83.55307115388457,89.54703832752615,16.446928846115426,10.452961672473847
138,138,81.675156778394,80.40335317701373,18.324843221606002,19.596646822986273
393,393,67.39101203862971,66.54773489025841,32.60898796137029,33.45226510974159
1626,1626,84.11023072630408,89.37728937728937,15.889769273695919,10.622710622710628
1351,1351,68.91404509578484,69.84879548949257,31.085954904215157,30.151204510507426
606,606,69.53249028061131,70.49404057865526,30.467509719388687,29.50595942134474
418,418,82.77593274850386,82.0245831049871,17.224067251496137,17.9754168950129
462,462,80.55711122608894,83.00690319473429,19.442888773911065,16.993096805265708
1364,1364,61.37976873984355,61.81497979902621,38.62023126015645,38.18502020097379
571,571,67.88115846859533,66.93893426682224,32.11884153140467,33.061065733177756
45,45,49.368613415082216,47.59869019465163,50.631386584917784,52.40130980534837
238,238,47.33351737629614,49.61088024178315,52.66648262370386,50.38911975821685
1073,1073,73.07788530038538,73.04103095837655,26.922114699614625,26.958969041623448
1604,1604,65.2570967456484,66.0668380462725,34.7429032543516,33.933161953727506
2098,2098,68.02089343559557,68.97966258377629,31.979106564404432,31.02033741622371
1268,1268,69.26634585811888,69.801129388657,30.733654141881118,30.198870611342997
742,742,69.82864446832772,69.56611286557737,30.171355531672276,30.433887134422633
125,125,73.32064097420242,72.03625200994006,26.67935902579758,27.963747990059943
313,313,60.92361777002229,63.05860805860807,39.07638222997771,36.94139194139193
2012,2012,73.50333275007615,78.62106660420083,26.496667249923846,21.378933395799166
2825,2825,62.904780709012115,59.72786207879177,37.095219290987885,40.27213792120823
565,565,69.08784145322515,71.32797095552564,30.912158546774847,28.672029044474357
1223,1223,51.608766923995894,49.10798456092918,48.391233076004106,50.89201543907082
970,970,65.75145665888054,67.82949772640494,34.24854334111946,32.17050227359506
2026,2026,73.99400787747423,74.09906291834001,26.005992122525768,25.90093708165999
1701,1701,71.4882891647552,69.5672191528545,28.5117108352448,30.432780847145494
417,417,28.921797556456912,27.30307308219225,71.07820244354309,72.69692691780776
605,605,67.82735912971451,68.79816459791753,32.17264087028549,31.201835402082466
1784,1784,64.29579915325506,59.25722831505485,35.70420084674494,40.74277168494515
2758,2758,75.88251743850222,64.62196861626248,24.11748256149778,35.37803138373752
505,505,69.56752665226092,69.87032173342088,30.432473347739077,30.12967826657912
177,177,18.60480035021152,15.631888449304602,81.39519964978848,84.3681115506954
309,309,29.29885006891917,30.425541536652645,70.70114993108083,69.57445846334736
839,839,67.02810549235474,71.04758250191865,32.97189450764526,28.952417498081346
330,330,54.596781896744425,56.96532147207724,45.403218103255575,43.03467852792276
2917,2917,43.51359307768474,41.64199814986124,56.48640692231526,58.35800185013876
261,261,44.128103662792945,40.81570996978852,55.871896337207055,59.18429003021148
797,797,64.04986405294864,63.09565217391305,35.950135947051365,36.90434782608695
2986,2986,71.8414665380193,73.13861985472154,28.158533461980696,26.86138014527846
1766,1766,73.90404075167353,71.44948755490483,26.095959248326466,28.550512445095166
3070,3070,63.1172507557891,64.39960491039932,36.8827492442109,35.60039508960068
2663,2663,67.05154427711155,69.29418861854012,32.948455722888454,30.70581138145988
2080,2080,75.98649646391786,75.10819353270121,24.01350353608214,24.891806467298792
1741,1741,53.88535129536725,49.85118555507788,46.11464870463275,50.14881444492212
1443,1443,79.20975537656999,80.33228949199723,20.790244623430013,19.66771050800277
2712,2712,73.53421331659031,72.66330120850544,26.46578668340969,27.336698791494555
76,76,56.718268799444566,51.067156400456646,43.281731200555434,48.932843599543354
751,751,72.82027740549302,72.92099792099792,27.179722594506984,27.07900207900208
2439,2439,68.34453144364167,68.92213057458409,31.65546855635833,31.077869425415912
2223,2223,67.9772785320994,66.37203696263559,32.022721467900595,33.62796303736441
2761,2761,89.25787679764572,85.87105624142661,10.742123202354279,14.128943758573385
2424,2424,71.54645948840665,71.56325760976922,28.453540511593346,28.436742390230776
1321,1321,40.960331412420224,44.9624290752952,59.039668587579776,55.0375709247048
559,559,66.92654308120059,60.40609137055839,33.07345691879941,39.59390862944161
720,720,72.98726347203035,72.96780153074691,27.01273652796965,27.03219846925309
453,453,37.77288280150997,35.92255656636342,62.22711719849003,64.07744343363657
1078,1078,80.127746164506,79.71721721721721,19.872253835494007,20.28278278278279
1560,1560,74.32526434236203,75.97395045935573,25.674735657637967,24.026049540644266
1600,1600,80.74852870386819,80.58172879967228,19.25147129613181,19.418271200327723
574,574,38.38386271883933,36.41681582049155,61.61613728116067,63.58318417950845
2488,2488,73.90745280919107,73.93302692055155,26.09254719080893,26.066973079448445
3080,3080,55.77943140891515,56.213467383680154,44.22056859108485,43.786532616319846
2191,2191,37.80994542229515,29.99083409715857,62.19005457770485,70.00916590284143
2265,2265,56.621969588066314,61.5148844871844,43.378030411933686,38.4851155128156
3057,3057,59.886941607109556,57.71225216065074,40.113058392890444,42.28774783934926
1830,1830,52.14449722382981,56.51858607390478,47.85550277617019,43.48141392609522
1883,1883,58.993379170825804,60.13821001179842,41.006620829174196,39.86178998820158
1020,1020,83.24972027732393,84.02632678646052,16.75027972267607,15.973673213539485
2963,2963,75.38293428317091,74.90498675572958,24.61706571682909,25.09501324427042
2838,2838,67.21580242918739,65.22213732125314,32.78419757081261,34.77786267874686
2732,2732,70.64968728749388,68.89084985066522,29.350312712506124,31.10915014933478
186,186,49.74793234535639,42.34982100522663,50.25206765464361,57.65017899477337
1687,1687,64.73230418773117,66.94084150585256,35.267695812268826,33.05915849414744
1903,1903,63.25141487036837,61.60380121717056,36.74858512963163,38.39619878282944
1125,1125,79.64662750340561,80.50475120057219,20.35337249659439,19.495248799427813
2960,2960,54.61031587431308,53.67845659163987,45.38968412568692,46.32154340836013
1405,1405,37.673143793632995,38.32722569519293,62.326856206367005,61.67277430480707
2229,2229,74.19910106863185,71.71941830624466,25.800898931368152,28.280581693755337
2170,2170,81.85509441690827,79.94809688581314,18.144905583091727,20.051903114186857
996,996,42.06041264112493,41.73715291787404,57.93958735887507,58.26284708212596
2038,2038,63.68184692598728,64.58892815076561,36.31815307401272,35.41107184923439
2010,2010,62.48315037644318,67.98482416459943,37.51684962355682,32.01517583540057
1205,1205,63.76273614782949,62.35458695332057,36.23726385217051,37.64541304667943
2711,2711,50.795272025955256,51.74476525547706,49.204727974044744,48.25523474452294
2069,2069,47.83604910213529,47.97077827805545,52.16395089786471,52.02922172194455
1103,1103,71.96464696381359,71.09801353416285,28.035353036186407,28.901986465837155
2317,2317,65.59460531113636,65.54511724668899,34.40539468886364,34.45488275331101
834,834,68.79184228368742,69.90944372574386,31.208157716312584,30.090556274256144
2282,2282,40.61438725647025,46.72102177860651,59.38561274352975,53.27897822139349
911,911,77.8522038235795,78.69889315563587,22.1477961764205,21.301106844364128
806,806,63.250499225717085,58.45687331536389,36.749500774282915,41.54312668463611
1538,1538,78.68581307397965,82.5234441602728,21.314186926020355,17.476555839727197
419,419,88.5233502029591,88.84892086330935,11.476649797040906,11.151079136690655
2503,2503,82.44988566999517,84.52301534356238,17.55011433000483,15.476984656437622
158,158,38.11810449170211,36.04651162790697,61.88189550829789,63.95348837209303
845,845,66.85609404213633,69.69296797622978,33.143905957863666,30.30703202377022
1508,1508,71.88383621583414,75.04488330341113,28.116163784165863,24.955116696588874
1899,1899,56.846419165838164,54.03335392217418,43.153580834161836,45.96664607782582
643,643,66.93645228341386,70.6143440890517,33.06354771658614,29.3856559109483
2362,2362,84.83412078471073,90.25974025974024,15.165879215289266,9.74025974025976
2046,2046,68.97971141181223,72.01582144370673,31.020288588187768,27.984178556293273
2859,2859,47.208228027331295,44.853986656458495,52.791771972668705,55.146013343541505
1580,1580,79.32898349126866,86.18598382749327,20.67101650873134,13.814016172506726
1995,1995,62.03013477611363,60.640904806786054,37.96986522388637,39.359095193213946
1171,1171,57.7783969343291,55.25779967159278,42.2216030656709,44.74220032840722
1969,1969,68.18271925213503,67.64705882352939,31.81728074786497,32.35294117647061
2015,2015,70.6586397492589,71.13867425782838,29.341360250741104,28.861325742171616
2993,2993,71.67733342048206,74.88894695584008,28.322666579517943,25.111053044159917
337,337,65.2582830014677,68.52706364901486,34.7417169985323,31.472936350985137
276,276,82.35625715380868,84.1200146359312,17.643742846191316,15.879985364068801
211,211,61.45189972679727,56.997923929648636,38.54810027320273,43.002076070351364
723,723,72.87958401950597,72.2202486678508,27.12041598049403,27.779751332149203
2586,2586,70.9634930685554,71.86723865432377,29.036506931444606,28.13276134567623
2297,2297,51.2085328452534,51.190811724915456,48.7914671547466,48.809188275084544
736,736,75.74007952017921,73.35736068755199,24.259920479820792,26.64263931244801
831,831,67.5544771322629,69.46337308347529,32.4455228677371,30.53662691652471
1913,1913,52.5249147466577,50.78151229156562,47.4750852533423,49.21848770843438
2004,2004,74.31881386420201,79.16734296380456,25.681186135797986,20.832657036195442
1510,1510,71.82440394002103,73.16985860032217,28.17559605997897,26.830141399677828
1725,1725,80.08158807267256,78.37711069418387,19.91841192732744,21.62288930581613
345,345,63.702699347080824,64.96330046735133,36.297300652919176,35.03669953264867
2200,2200,72.02171242391333,68.94106372783901,27.97828757608667,31.05893627216099
1107,1107,71.80220871582078,69.2524115755627,28.197791284179218,30.747588424437296
1203,1203,66.11814596859543,61.275230344530875,33.88185403140457,38.724769655469125
805,805,71.11941836453249,73.5049833887043,28.880581635467507,26.495016611295696
785,785,59.846374928725425,61.489019817889655,40.153625071274575,38.510980182110345
2075,2075,69.15859403901987,71.84702111197082,30.841405960980126,28.152978888029182
2816,2816,50.74800080117136,49.130917159763314,49.25199919882864,50.869082840236686
1660,1660,79.64427640721682,78.61386138613861,20.35572359278318,21.38613861386139
1818,1818,64.17729593418353,64.0,35.82270406581647,36.0
2089,2089,41.24536074096342,43.42446478201715,58.75463925903658,56.57553521798285
1344,1344,59.260999424133196,60.025320462098435,40.739000575866804,39.974679537901565
2257,2257,79.56080196549338,75.77011988602763,20.439198034506617,24.22988011397237
1706,1706,83.91176633542841,83.69565217391305,16.08823366457159,16.304347826086953
2961,2961,76.67777824638836,74.77700693756194,23.322221753611643,25.222993062438064
807,807,50.941065761362296,56.488845780795344,49.058934238637704,43.511154219204656
2339,2339,31.25334255690029,34.897959183673464,68.7466574430997,65.10204081632654
2396,2396,46.39578455157518,47.97913950456324,53.60421544842482,52.02086049543676
1432,1432,56.76618176736573,58.18285497053792,43.23381823263427,41.81714502946208
296,296,33.638847901156154,31.36615016990183,66.36115209884385,68.63384983009817
1041,1041,75.78155505133147,73.79326865492874,24.218444948668534,26.206731345071262
1114,1114,81.2626531028303,84.57301229863157,18.7373468971697,15.426987701368432
938,938,46.44469831246169,46.9394389745495,53.55530168753831,53.0605610254505
1387,1387,67.16038472222395,65.58946647385646,32.83961527777605,34.41053352614354
589,589,77.00529879018495,77.43199500255551,22.994701209815048,22.56800499744449
2035,2035,58.758185615396215,60.77654190610728,41.241814384603785,39.22345809389272
343,343,56.64574621131709,55.371877571980285,43.35425378868291,44.628122428019715
1769,1769,49.76557479997816,48.48087021755439,50.23442520002184,51.51912978244561
2879,2879,75.17559475978652,74.7475529074941,24.82440524021348,25.252447092505903
2337,2337,56.76011114381334,59.65619957800671,43.23988885618666,40.34380042199329
1675,1675,84.71482421055246,96.03340292275574,15.285175789447536,3.966597077244259
2759,2759,82.67064071628036,73.63601678748569,17.32935928371964,26.363983212514313
890,890,81.09248659917641,79.82866043613707,18.90751340082359,20.17133956386293
1888,1888,71.7495575078029,72.56198567917069,28.250442492197095,27.43801432082931
1839,1839,41.18530580178962,47.12836421564518,58.81469419821038,52.87163578435482
254,254,65.90467535376804,64.10441322292763,34.09532464623196,35.89558677707237
1046,1046,72.72750861178652,73.12234293811998,27.27249138821348,26.877657061880015
1931,1931,62.312120282643356,62.26893261776984,37.687879717356644,37.73106738223016
2428,2428,73.88745361936832,76.63348153875894,26.112546380631684,23.366518461241057
1032,1032,77.71196564954046,76.85683530678148,22.28803435045954,23.143164693218523
1953,1953,44.898235410187596,41.58961881589619,55.101764589812404,58.41038118410381
1243,1243,60.191263637356094,59.29054054054054,39.808736362643906,40.70945945945946
2603,2603,78.66182028890788,79.08849165312454,21.338179711092124,20.911508346875465
35,35,77.12435810487928,79.45101029355699,22.875641895120722,20.54898970644301
212,212,41.531208542069216,37.62104592779607,58.468791457930784,62.37895407220393
2112,2112,74.74855555352698,77.51566531514928,25.251444446473016,22.484334684850722
1799,1799,64.14074834415749,67.00727583993152,35.85925165584251,32.99272416006848
1584,1584,85.49599697846546,90.94707520891363,14.504003021534544,9.052924791086369
902,902,82.2191967635788,81.86077643908969,17.780803236421207,18.13922356091031
1625,1625,84.21699307742202,83.26729655592806,15.783006922577982,16.732703444071944
1267,1267,71.99013249270308,69.14883589405223,28.009867507296917,30.851164105947774
860,860,63.876224679058154,61.58174904942965,36.123775320941846,38.41825095057035
780,780,58.993786074929204,58.24296198926498,41.006213925070796,41.75703801073502
1004,1004,74.0696462131354,76.30374563410815,25.9303537868646,23.696254365891846
2536,2536,77.33855763495215,74.29813226829555,22.661442365047847,25.701867731704453
1355,1355,67.83946047858939,66.79958837149472,32.16053952141061,33.20041162850528
519,519,24.132821064366155,28.760205050313267,75.86717893563385,71.23979494968674
1628,1628,87.95949130517106,87.06624605678232,12.040508694828944,12.933753943217681
2228,2228,44.317530377959855,43.19717261904761,55.682469622040145,56.80282738095239
2629,2629,79.30065821379057,78.85881492318947,20.69934178620943,21.14118507681053
999,999,50.50623357315165,49.52440812905929,49.49376642684835,50.47559187094071
2461,2461,80.32419209699056,81.14839671886652,19.675807903009442,18.851603281133478
1592,1592,51.27773602459906,49.00226231219909,48.72226397540094,50.99773768780091
870,870,80.26506177489024,82.08955223880595,19.734938225109758,17.91044776119405
577,577,77.43471753997378,79.07086614173228,22.565282460026225,20.92913385826772
1634,1634,70.30610383079235,66.52613827993255,29.693896169207648,33.47386172006745
584,584,68.67510253591394,67.30743735914092,31.324897464086064,32.69256264085908
2902,2902,51.228179501720724,50.41069776569202,48.771820498279276,49.58930223430798
2617,2617,77.23050203381885,77.04405791063431,22.76949796618115,22.955942089365692
473,473,70.74622415437383,67.6005547850208,29.253775845626166,32.399445214979195
1290,1290,44.77301408804691,46.63769237638794,55.22698591195309,53.36230762361206
2102,2102,85.85937095459491,85.60673162090346,14.140629045405092,14.39326837909654
2253,2253,51.56526625271072,58.29474822755458,48.43473374728928,41.70525177244542
1198,1198,43.80159935404324,43.23154577442358,56.19840064595676,56.76845422557642
2031,2031,78.45606401999989,78.52770365719667,21.543935980000114,21.472296342803332
2911,2911,27.69228644227258,29.57355830347857,72.30771355772742,70.42644169652144
2657,2657,70.86626574684865,73.4533702677747,29.133734253151346,26.5466297322253
141,141,40.52799579569335,38.33930002002804,59.47200420430665,61.66069997997196
1828,1828,10.286854996022239,9.706266191685641,89.71314500397776,90.29373380831436
956,956,73.476449297185,70.1775147928994,26.523550702815,29.8224852071006
2942,2942,67.55069637063541,64.40012884711119,32.44930362936459,35.59987115288881
2486,2486,66.16566472052821,68.84824120603015,33.83433527947179,31.151758793969847
1221,1221,62.785971331482244,60.13951979234263,37.214028668517756,39.86048020765737
55,55,74.26809467497337,75.6356140178659,25.73190532502663,24.364385982134095
199,199,22.215925185184577,20.580381947651656,77.78407481481543,79.41961805234834
1686,1686,75.86957977138228,77.79148673658236,24.130420228617723,22.208513263417643
1813,1813,41.55583024644188,46.21907306307353,58.44416975355812,53.78092693692647
917,917,84.1132335718381,82.26744186046511,15.886766428161906,17.732558139534888
2185,2185,60.72242055683318,57.18816905875823,39.27757944316682,42.81183094124177
2968,2968,75.99329028539857,77.38896366083445,24.006709714601428,22.61103633916555
1518,1518,79.0650469671427,81.33321653819199,20.934953032857294,18.66678346180801
249,249,43.6828422570653,40.407704654895674,56.3171577429347,59.592295345104326
1385,1385,49.16515922172859,47.011246341087656,50.83484077827141,52.988753658912344
1161,1161,57.27571584657481,55.56370302474794,42.72428415342519,44.43629697525206
1999,1999,27.662943952452196,32.41011984021305,72.3370560475478,67.58988015978696
782,782,58.84500793831212,66.57534246575342,41.15499206168788,33.42465753424658
267,267,81.93359563695418,80.89855072463769,18.06640436304582,19.101449275362313
2717,2717,73.08156940231017,71.45196080979235,26.918430597689834,28.548039190207646
1790,1790,23.794300908253003,21.514277741605433,76.205699091747,78.48572225839456
294,294,77.1912968152052,73.67333443544388,22.808703184794794,26.326665564556123
2133,2133,74.4110570482127,76.4668203945683,25.588942951787303,23.533179605431698
1617,1617,68.48847706957764,68.06775407779172,31.51152293042236,31.93224592220828
1254,1254,61.804984085556946,60.024464119291714,38.195015914443054,39.975535880708286
700,700,62.61075382107918,64.25915370626714,37.38924617892082,35.74084629373286
1391,1391,79.72339389712387,80.74129260569939,20.27660610287613,19.258707394300615
1467,1467,73.87424100313162,75.25983832282134,26.125758996868385,24.740161677178662
2566,2566,79.37256308103558,78.24413817791302,20.62743691896442,21.755861822086985
683,683,70.75318228955234,71.31700390486333,29.246817710447658,28.682996095136673
13,13,77.82859446386237,79.18176328502416,22.171405536137627,20.81823671497584
285,285,42.95704208521472,44.164600123992564,57.04295791478528,55.835399876007436
1672,1672,68.03534285644716,64.86357108664433,31.96465714355284,35.13642891335567
1782,1782,23.713175619633663,23.51748606183477,76.28682438036634,76.48251393816523
413,413,58.46886954455014,57.53779981284782,41.53113045544986,42.46220018715218
1690,1690,75.69721198516318,73.39864355689525,24.30278801483682,26.60135644310475
2032,2032,64.1600326981473,64.24802110817943,35.839967301852695,35.75197889182057
